gene,score
ORTHOMCL10005,-3
ORTHOMCL10007,-2
ORTHOMCL10008,-2
ORTHOMCL10009,1
ORTHOMCL10012,1
ORTHOMCL10013,1
ORTHOMCL10024,0
ORTHOMCL10028,1
ORTHOMCL10050,-1
ORTHOMCL10068,-1
ORTHOMCL10070,-1
ORTHOMCL10086,0
ORTHOMCL10105,4
ORTHOMCL10113,2
ORTHOMCL10127,7
ORTHOMCL10154,0
ORTHOMCL1016,-1
ORTHOMCL10169,0
ORTHOMCL10193,1
ORTHOMCL10199,12
ORTHOMCL10205,6
ORTHOMCL10206,0
ORTHOMCL10210,1
ORTHOMCL10212,-2
ORTHOMCL10225,0
ORTHOMCL10226,-2
ORTHOMCL10227,0
ORTHOMCL10230,0
ORTHOMCL10238,0
ORTHOMCL10245,0
ORTHOMCL10247,1
ORTHOMCL10248,3
ORTHOMCL10252,0
ORTHOMCL10254,0
ORTHOMCL10256,0
ORTHOMCL10271,-1
ORTHOMCL10275,-3
ORTHOMCL10277,-6
ORTHOMCL10295,-1
ORTHOMCL10298,0
ORTHOMCL10299,1
ORTHOMCL10300,3
ORTHOMCL10305,-2
ORTHOMCL10309,1
ORTHOMCL10311,7
ORTHOMCL10321,1
ORTHOMCL10325,3
ORTHOMCL10327,-2
ORTHOMCL10346,-1
ORTHOMCL10348,-1
ORTHOMCL10349,-2
ORTHOMCL10350,1
ORTHOMCL10365,-3
ORTHOMCL10367,-1
ORTHOMCL10370,0
ORTHOMCL10372,0
ORTHOMCL10376,0
ORTHOMCL10379,-1
ORTHOMCL10384,1
ORTHOMCL10394,-2
ORTHOMCL10401,0
ORTHOMCL10404,1
ORTHOMCL10405,8
ORTHOMCL10410,1
ORTHOMCL10424,-1
ORTHOMCL10429,3
ORTHOMCL10443,-1
ORTHOMCL10447,-1
ORTHOMCL10453,-1
ORTHOMCL10456,1
ORTHOMCL10458,0
ORTHOMCL10463,2
ORTHOMCL10473,6
ORTHOMCL10475,0
ORTHOMCL10479,1
ORTHOMCL10481,-5
ORTHOMCL10489,-1
ORTHOMCL10504,-1
ORTHOMCL10514,4
ORTHOMCL10517,-1
ORTHOMCL10520,-1
ORTHOMCL10525,-3
ORTHOMCL10529,-1
ORTHOMCL10530,-1
ORTHOMCL10531,-4
ORTHOMCL10533,-1
ORTHOMCL10534,4
ORTHOMCL10537,0
ORTHOMCL1054,0
ORTHOMCL10541,0
ORTHOMCL10542,-1
ORTHOMCL10543,28
ORTHOMCL10545,0
ORTHOMCL10549,0
ORTHOMCL10555,1
ORTHOMCL10558,1
ORTHOMCL10560,4
ORTHOMCL10561,-1
ORTHOMCL10571,0
ORTHOMCL10572,-2
ORTHOMCL10582,1
ORTHOMCL10597,3
ORTHOMCL10606,0
ORTHOMCL10608,1
ORTHOMCL10619,1
ORTHOMCL10628,1
ORTHOMCL10629,1
ORTHOMCL10637,-2
ORTHOMCL10639,5
ORTHOMCL10644,0
ORTHOMCL10655,2
ORTHOMCL10664,-1
ORTHOMCL10666,-4
ORTHOMCL10673,-2
ORTHOMCL10678,3
ORTHOMCL10686,1
ORTHOMCL10695,0
ORTHOMCL10697,-1
ORTHOMCL10706,0
ORTHOMCL10708,1
ORTHOMCL10712,3
ORTHOMCL10714,0
ORTHOMCL10715,-8
ORTHOMCL10718,1
ORTHOMCL10719,-1
ORTHOMCL10725,-1
ORTHOMCL10735,0
ORTHOMCL10737,1
ORTHOMCL10746,0
ORTHOMCL10751,-3
ORTHOMCL10753,1
ORTHOMCL10760,4
ORTHOMCL10766,0
ORTHOMCL10777,0
ORTHOMCL10783,0
ORTHOMCL10785,0
ORTHOMCL10786,1
ORTHOMCL10788,1
ORTHOMCL10790,5
ORTHOMCL10793,-1
ORTHOMCL10794,1
ORTHOMCL10795,5
ORTHOMCL10798,-1
ORTHOMCL10803,-1
ORTHOMCL10820,5
ORTHOMCL10829,0
ORTHOMCL10833,-1
ORTHOMCL10835,-3
ORTHOMCL10836,-1
ORTHOMCL10838,0
ORTHOMCL10844,-3
ORTHOMCL10846,-1
ORTHOMCL1085,1
ORTHOMCL10856,-7
ORTHOMCL10864,-6
ORTHOMCL10867,4
ORTHOMCL10870,3
ORTHOMCL10871,1
ORTHOMCL10873,0
ORTHOMCL10879,0
ORTHOMCL10880,2
ORTHOMCL10883,0
ORTHOMCL10890,3
ORTHOMCL10898,-4
ORTHOMCL10899,-1
ORTHOMCL1090,0
ORTHOMCL10902,-7
ORTHOMCL10904,-1
ORTHOMCL10906,-9
ORTHOMCL10907,2
ORTHOMCL10908,1
ORTHOMCL10911,2
ORTHOMCL10913,0
ORTHOMCL10915,1
ORTHOMCL10919,-1
ORTHOMCL10922,0
ORTHOMCL10924,3
ORTHOMCL10925,0
ORTHOMCL10930,1
ORTHOMCL10937,0
ORTHOMCL10941,6
ORTHOMCL10946,1
ORTHOMCL10947,1
ORTHOMCL10949,2
ORTHOMCL10963,0
ORTHOMCL10967,4
ORTHOMCL10972,5
ORTHOMCL10976,-3
ORTHOMCL10977,-2
ORTHOMCL10982,1
ORTHOMCL11018,-3
ORTHOMCL11070,1
ORTHOMCL11074,-2
ORTHOMCL11098,5
ORTHOMCL11127,0
ORTHOMCL11131,3
ORTHOMCL11141,-1
ORTHOMCL11145,1
ORTHOMCL11153,-1
ORTHOMCL11206,-2
ORTHOMCL11214,0
ORTHOMCL11217,-2
ORTHOMCL11236,-1
ORTHOMCL11245,0
ORTHOMCL11252,5
ORTHOMCL11254,0
ORTHOMCL11277,0
ORTHOMCL11303,5
ORTHOMCL11305,-1
ORTHOMCL11314,-2
ORTHOMCL11317,0
ORTHOMCL11359,1
ORTHOMCL11360,0
ORTHOMCL11464,2
ORTHOMCL11468,-5
ORTHOMCL11469,-1
ORTHOMCL11471,5
ORTHOMCL11480,0
ORTHOMCL11481,1
ORTHOMCL11485,-3
ORTHOMCL11502,-3
ORTHOMCL11503,-6
ORTHOMCL11506,-1
ORTHOMCL11509,0
ORTHOMCL11511,-6
ORTHOMCL11512,1
ORTHOMCL11515,0
ORTHOMCL11530,-1
ORTHOMCL11541,1
ORTHOMCL11559,1
ORTHOMCL11577,-1
ORTHOMCL11582,-1
ORTHOMCL11583,2
ORTHOMCL11595,0
ORTHOMCL11596,0
ORTHOMCL11616,-6
ORTHOMCL11621,4
ORTHOMCL11624,7
ORTHOMCL11627,0
ORTHOMCL11628,0
ORTHOMCL11635,1
ORTHOMCL11637,1
ORTHOMCL11639,2
ORTHOMCL11646,5
ORTHOMCL11648,-1
ORTHOMCL1165,0
ORTHOMCL11661,1
ORTHOMCL11667,-1
ORTHOMCL11671,-2
ORTHOMCL1168,0
ORTHOMCL11680,8
ORTHOMCL11684,-1
ORTHOMCL11698,-1
ORTHOMCL11709,0
ORTHOMCL11715,1
ORTHOMCL11726,0
ORTHOMCL11729,0
ORTHOMCL11732,0
ORTHOMCL11738,-7
ORTHOMCL11739,5
ORTHOMCL11741,1
ORTHOMCL11746,-3
ORTHOMCL11751,3
ORTHOMCL11761,-1
ORTHOMCL11780,0
ORTHOMCL11790,0
ORTHOMCL11794,1
ORTHOMCL11797,0
ORTHOMCL11801,-1
ORTHOMCL11804,0
ORTHOMCL11805,0
ORTHOMCL11809,0
ORTHOMCL11813,0
ORTHOMCL11814,-16
ORTHOMCL11821,-9
ORTHOMCL11824,-4
ORTHOMCL11826,3
ORTHOMCL11829,0
ORTHOMCL11837,0
ORTHOMCL11847,-2
ORTHOMCL11860,0
ORTHOMCL11875,0
ORTHOMCL11878,0
ORTHOMCL11879,-7
ORTHOMCL11880,0
ORTHOMCL1189,0
ORTHOMCL11892,1
ORTHOMCL11898,-1
ORTHOMCL11911,0
ORTHOMCL11913,-14
ORTHOMCL11914,1
ORTHOMCL11919,-1
ORTHOMCL11923,1
ORTHOMCL11929,2
ORTHOMCL11938,7
ORTHOMCL11953,-1
ORTHOMCL11961,5
ORTHOMCL11978,-3
ORTHOMCL11983,-1
ORTHOMCL11986,-2
ORTHOMCL11992,-1
ORTHOMCL11994,-2
ORTHOMCL11999,-2
ORTHOMCL12000,0
ORTHOMCL12007,2
ORTHOMCL12015,-1
ORTHOMCL12034,0
ORTHOMCL12041,0
ORTHOMCL12057,-1
ORTHOMCL12059,5
ORTHOMCL12061,0
ORTHOMCL12063,0
ORTHOMCL12065,-1
ORTHOMCL12068,-1
ORTHOMCL12070,-3
ORTHOMCL12079,0
ORTHOMCL12081,0
ORTHOMCL12082,2
ORTHOMCL12086,5
ORTHOMCL12088,-2
ORTHOMCL12095,-1
ORTHOMCL12103,-1
ORTHOMCL12111,2
ORTHOMCL12113,-1
ORTHOMCL12129,0
ORTHOMCL12134,-3
ORTHOMCL12136,3
ORTHOMCL12142,4
ORTHOMCL12156,4
ORTHOMCL12157,3
ORTHOMCL12163,1
ORTHOMCL12165,-1
ORTHOMCL12166,0
ORTHOMCL12178,2
ORTHOMCL12183,-1
ORTHOMCL12184,0
ORTHOMCL12200,0
ORTHOMCL12202,2
ORTHOMCL12205,-1
ORTHOMCL12208,-2
ORTHOMCL12216,1
ORTHOMCL12219,0
ORTHOMCL12220,0
ORTHOMCL12224,0
ORTHOMCL12228,-1
ORTHOMCL12236,-3
ORTHOMCL12238,-3
ORTHOMCL12239,1
ORTHOMCL12242,-3
ORTHOMCL12245,0
ORTHOMCL12254,0
ORTHOMCL12258,4
ORTHOMCL12260,9
ORTHOMCL12261,0
ORTHOMCL12262,-11
ORTHOMCL12267,6
ORTHOMCL12268,1
ORTHOMCL12269,11
ORTHOMCL12273,0
ORTHOMCL12274,-3
ORTHOMCL12280,-3
ORTHOMCL12283,1
ORTHOMCL12286,0
ORTHOMCL12308,1
ORTHOMCL1231,0
ORTHOMCL12310,-1
ORTHOMCL12313,-3
ORTHOMCL12317,-1
ORTHOMCL1232,0
ORTHOMCL12324,0
ORTHOMCL12329,1
ORTHOMCL12345,-4
ORTHOMCL12351,-1
ORTHOMCL12371,3
ORTHOMCL12380,0
ORTHOMCL12383,-2
ORTHOMCL12385,-2
ORTHOMCL12386,2
ORTHOMCL12391,5
ORTHOMCL12401,0
ORTHOMCL12414,1
ORTHOMCL12419,0
ORTHOMCL12429,-1
ORTHOMCL12442,-2
ORTHOMCL12452,-2
ORTHOMCL1247,1
ORTHOMCL12473,-7
ORTHOMCL12474,-6
ORTHOMCL12483,-8
ORTHOMCL12486,0
ORTHOMCL12559,2
ORTHOMCL12562,0
ORTHOMCL12568,1
ORTHOMCL12605,-2
ORTHOMCL12611,-3
ORTHOMCL12618,2
ORTHOMCL12623,0
ORTHOMCL12630,0
ORTHOMCL12634,0
ORTHOMCL12635,-1
ORTHOMCL12636,0
ORTHOMCL12642,-1
ORTHOMCL12645,1
ORTHOMCL12650,0
ORTHOMCL12652,-1
ORTHOMCL12656,-3
ORTHOMCL12675,2
ORTHOMCL12686,-3
ORTHOMCL12691,0
ORTHOMCL12694,0
ORTHOMCL12699,1
ORTHOMCL12714,0
ORTHOMCL12726,1
ORTHOMCL12736,-1
ORTHOMCL1274,-1
ORTHOMCL12755,0
ORTHOMCL12791,-2
ORTHOMCL1280,1
ORTHOMCL12846,-3
ORTHOMCL12885,10
ORTHOMCL12952,-2
ORTHOMCL12956,-2
ORTHOMCL12964,0
ORTHOMCL12966,-1
ORTHOMCL12975,3
ORTHOMCL12977,0
ORTHOMCL12979,-1
ORTHOMCL12981,-2
ORTHOMCL12994,-2
ORTHOMCL13004,0
ORTHOMCL13007,0
ORTHOMCL13008,1
ORTHOMCL13026,-1
ORTHOMCL13039,-1
ORTHOMCL13040,0
ORTHOMCL13041,-5
ORTHOMCL13047,-2
ORTHOMCL13055,-2
ORTHOMCL13059,1
ORTHOMCL13066,1
ORTHOMCL13069,4
ORTHOMCL13081,0
ORTHOMCL13089,-4
ORTHOMCL13090,-1
ORTHOMCL13095,2
ORTHOMCL13111,6
ORTHOMCL13115,2
ORTHOMCL13133,6
ORTHOMCL13136,2
ORTHOMCL13139,-1
ORTHOMCL13149,4
ORTHOMCL13154,-1
ORTHOMCL13167,-1
ORTHOMCL13168,-2
ORTHOMCL13176,-1
ORTHOMCL13186,0
ORTHOMCL13194,2
ORTHOMCL13196,0
ORTHOMCL13203,-1
ORTHOMCL13210,0
ORTHOMCL13214,1
ORTHOMCL13224,4
ORTHOMCL13232,-2
ORTHOMCL13247,1
ORTHOMCL13254,-5
ORTHOMCL13255,0
ORTHOMCL13284,4
ORTHOMCL13290,-1
ORTHOMCL13299,1
ORTHOMCL13311,-4
ORTHOMCL13329,0
ORTHOMCL13349,0
ORTHOMCL13360,1
ORTHOMCL13381,0
ORTHOMCL13402,-2
ORTHOMCL13409,-3
ORTHOMCL13435,0
ORTHOMCL13458,-1
ORTHOMCL13461,0
ORTHOMCL13486,-3
ORTHOMCL13488,0
ORTHOMCL13490,-2
ORTHOMCL13497,-2
ORTHOMCL13506,-1
ORTHOMCL13515,3
ORTHOMCL13534,-4
ORTHOMCL13570,-5
ORTHOMCL13578,-7
ORTHOMCL13588,-5
ORTHOMCL13603,2
ORTHOMCL13609,1
ORTHOMCL13615,2
ORTHOMCL13623,12
ORTHOMCL13626,-2
ORTHOMCL13627,0
ORTHOMCL13636,-5
ORTHOMCL13647,1
ORTHOMCL13655,4
ORTHOMCL13660,-1
ORTHOMCL13668,3
ORTHOMCL13669,-2
ORTHOMCL13675,0
ORTHOMCL13689,-1
ORTHOMCL13690,-1
ORTHOMCL13691,-2
ORTHOMCL13694,0
ORTHOMCL13697,0
ORTHOMCL13698,-1
ORTHOMCL1370,-2
ORTHOMCL13700,0
ORTHOMCL13704,-2
ORTHOMCL13705,5
ORTHOMCL13721,4
ORTHOMCL13723,-3
ORTHOMCL13727,-3
ORTHOMCL13728,1
ORTHOMCL13733,1
ORTHOMCL13739,2
ORTHOMCL13741,-1
ORTHOMCL13745,-6
ORTHOMCL13749,-7
ORTHOMCL13751,0
ORTHOMCL13752,-3
ORTHOMCL13766,9
ORTHOMCL13768,0
ORTHOMCL13771,-1
ORTHOMCL13784,0
ORTHOMCL13806,0
ORTHOMCL13813,-4
ORTHOMCL13823,0
ORTHOMCL13826,-5
ORTHOMCL13829,1
ORTHOMCL13836,3
ORTHOMCL13845,-3
ORTHOMCL13852,9
ORTHOMCL13860,-1
ORTHOMCL13875,0
ORTHOMCL13898,4
ORTHOMCL13902,1
ORTHOMCL13957,2
ORTHOMCL1400,0
ORTHOMCL14007,-1
ORTHOMCL14039,0
ORTHOMCL14089,0
ORTHOMCL14105,-1
ORTHOMCL14147,1
ORTHOMCL14181,4
ORTHOMCL14187,0
ORTHOMCL14194,2
ORTHOMCL14221,-1
ORTHOMCL14226,-2
ORTHOMCL14235,-2
ORTHOMCL14243,0
ORTHOMCL14244,10
ORTHOMCL14247,0
ORTHOMCL14250,-2
ORTHOMCL14253,7
ORTHOMCL14254,0
ORTHOMCL14258,0
ORTHOMCL14272,0
ORTHOMCL14278,0
ORTHOMCL14283,0
ORTHOMCL14287,-1
ORTHOMCL14290,-1
ORTHOMCL14294,-4
ORTHOMCL14296,1
ORTHOMCL14297,0
ORTHOMCL14301,0
ORTHOMCL14309,1
ORTHOMCL14310,2
ORTHOMCL14313,1
ORTHOMCL14314,-1
ORTHOMCL14319,0
ORTHOMCL14322,1
ORTHOMCL14329,0
ORTHOMCL14332,-1
ORTHOMCL14338,0
ORTHOMCL14342,6
ORTHOMCL14348,-1
ORTHOMCL1435,-1
ORTHOMCL14353,1
ORTHOMCL14357,0
ORTHOMCL14364,0
ORTHOMCL14366,0
ORTHOMCL14369,2
ORTHOMCL14371,1
ORTHOMCL14380,0
ORTHOMCL14381,18
ORTHOMCL14382,-2
ORTHOMCL14390,-1
ORTHOMCL14396,-1
ORTHOMCL14445,-2
ORTHOMCL14499,-1
ORTHOMCL1452,-3
ORTHOMCL14521,3
ORTHOMCL14534,0
ORTHOMCL14536,4
ORTHOMCL1454,-2
ORTHOMCL14556,-2
ORTHOMCL14621,1
ORTHOMCL14746,-1
ORTHOMCL14788,0
ORTHOMCL14793,1
ORTHOMCL14799,7
ORTHOMCL14822,-1
ORTHOMCL14833,-2
ORTHOMCL14840,-1
ORTHOMCL14858,4
ORTHOMCL14860,-10
ORTHOMCL14861,0
ORTHOMCL14872,0
ORTHOMCL14882,-1
ORTHOMCL14886,-1
ORTHOMCL14888,0
ORTHOMCL14897,0
ORTHOMCL14915,-1
ORTHOMCL14919,0
ORTHOMCL14931,2
ORTHOMCL14933,-1
ORTHOMCL14979,1
ORTHOMCL14982,1
ORTHOMCL14999,1
ORTHOMCL15010,1
ORTHOMCL15043,-4
ORTHOMCL15044,-3
ORTHOMCL15070,-1
ORTHOMCL15094,3
ORTHOMCL15109,-2
ORTHOMCL15110,-2
ORTHOMCL15128,-1
ORTHOMCL15144,1
ORTHOMCL15156,7
ORTHOMCL15179,0
ORTHOMCL15207,-8
ORTHOMCL15214,0
ORTHOMCL15216,-1
ORTHOMCL1523,0
ORTHOMCL15242,4
ORTHOMCL15295,0
ORTHOMCL1531,0
ORTHOMCL15319,-6
ORTHOMCL15365,0
ORTHOMCL15372,2
ORTHOMCL15382,0
ORTHOMCL15383,0
ORTHOMCL15386,-5
ORTHOMCL15395,1
ORTHOMCL15404,1
ORTHOMCL1541,2
ORTHOMCL15415,-1
ORTHOMCL15416,0
ORTHOMCL15424,15
ORTHOMCL15431,0
ORTHOMCL15437,0
ORTHOMCL15448,6
ORTHOMCL15457,1
ORTHOMCL15467,0
ORTHOMCL15472,0
ORTHOMCL15500,-2
ORTHOMCL15512,11
ORTHOMCL15519,1
ORTHOMCL15521,0
ORTHOMCL15523,-2
ORTHOMCL15526,0
ORTHOMCL1554,1
ORTHOMCL15545,0
ORTHOMCL15548,3
ORTHOMCL15560,-3
ORTHOMCL15566,0
ORTHOMCL15577,1
ORTHOMCL15613,0
ORTHOMCL15614,-2
ORTHOMCL15615,-2
ORTHOMCL15616,2
ORTHOMCL15626,4
ORTHOMCL15627,1
ORTHOMCL15636,-2
ORTHOMCL15642,0
ORTHOMCL15644,0
ORTHOMCL15650,-3
ORTHOMCL15773,1
ORTHOMCL15777,0
ORTHOMCL15820,0
ORTHOMCL15823,0
ORTHOMCL15828,-1
ORTHOMCL1583,0
ORTHOMCL15839,-5
ORTHOMCL15857,-1
ORTHOMCL15880,0
ORTHOMCL1596,0
ORTHOMCL16033,0
ORTHOMCL16076,0
ORTHOMCL16101,-1
ORTHOMCL16108,0
ORTHOMCL16109,-1
ORTHOMCL16118,1
ORTHOMCL16121,0
ORTHOMCL16127,0
ORTHOMCL16135,1
ORTHOMCL16139,0
ORTHOMCL16169,2
ORTHOMCL16176,1
ORTHOMCL1618,0
ORTHOMCL16180,-2
ORTHOMCL16184,-1
ORTHOMCL16201,-2
ORTHOMCL16212,-1
ORTHOMCL16221,0
ORTHOMCL16224,-5
ORTHOMCL16226,-2
ORTHOMCL16229,11
ORTHOMCL16234,0
ORTHOMCL16236,-1
ORTHOMCL16237,-3
ORTHOMCL16249,0
ORTHOMCL16252,0
ORTHOMCL16267,-1
ORTHOMCL16295,-3
ORTHOMCL16300,-2
ORTHOMCL16312,1
ORTHOMCL16323,0
ORTHOMCL16326,1
ORTHOMCL16333,1
ORTHOMCL16334,-3
ORTHOMCL16337,0
ORTHOMCL16341,-3
ORTHOMCL16344,-1
ORTHOMCL16345,0
ORTHOMCL16347,2
ORTHOMCL16350,-1
ORTHOMCL16355,2
ORTHOMCL16360,21
ORTHOMCL16363,-1
ORTHOMCL16366,3
ORTHOMCL16368,0
ORTHOMCL16377,0
ORTHOMCL1640,0
ORTHOMCL1642,1
ORTHOMCL16464,0
ORTHOMCL16486,0
ORTHOMCL1651,0
ORTHOMCL16539,-1
ORTHOMCL16546,0
ORTHOMCL16561,3
ORTHOMCL16581,2
ORTHOMCL1672,-1
ORTHOMCL16750,3
ORTHOMCL1691,-2
ORTHOMCL16959,-1
ORTHOMCL16963,1
ORTHOMCL17028,-1
ORTHOMCL17037,0
ORTHOMCL17080,0
ORTHOMCL17095,1
ORTHOMCL17102,-3
ORTHOMCL17112,1
ORTHOMCL17158,-3
ORTHOMCL17265,1
ORTHOMCL17270,0
ORTHOMCL17278,1
ORTHOMCL17324,1
ORTHOMCL17327,-2
ORTHOMCL1733,3
ORTHOMCL17335,2
ORTHOMCL17354,0
ORTHOMCL17375,-1
ORTHOMCL17392,1
ORTHOMCL17460,1
ORTHOMCL1747,0
ORTHOMCL17518,-1
ORTHOMCL17539,-1
ORTHOMCL1754,0
ORTHOMCL1756,1
ORTHOMCL17577,-1
ORTHOMCL17590,6
ORTHOMCL17646,0
ORTHOMCL17662,-1
ORTHOMCL17681,-5
ORTHOMCL17688,-1
ORTHOMCL17703,-1
ORTHOMCL17713,3
ORTHOMCL17727,-8
ORTHOMCL17740,-2
ORTHOMCL17761,-1
ORTHOMCL17766,0
ORTHOMCL17774,0
ORTHOMCL17779,3
ORTHOMCL17819,4
ORTHOMCL17827,2
ORTHOMCL1783,0
ORTHOMCL17842,1
ORTHOMCL17846,1
ORTHOMCL17848,-1
ORTHOMCL17854,-1
ORTHOMCL17857,1
ORTHOMCL17861,0
ORTHOMCL17866,13
ORTHOMCL1788,0
ORTHOMCL17892,9
ORTHOMCL17916,-1
ORTHOMCL17920,2
ORTHOMCL17931,-1
ORTHOMCL17935,-2
ORTHOMCL17954,0
ORTHOMCL1796,1
ORTHOMCL17975,-4
ORTHOMCL17995,0
ORTHOMCL1800,0
ORTHOMCL1803,3
ORTHOMCL18143,-6
ORTHOMCL18150,2
ORTHOMCL18187,-3
ORTHOMCL18193,1
ORTHOMCL18203,-1
ORTHOMCL18228,-1
ORTHOMCL1826,0
ORTHOMCL1835,2
ORTHOMCL18428,-4
ORTHOMCL18433,6
ORTHOMCL18435,2
ORTHOMCL18438,0
ORTHOMCL18439,-4
ORTHOMCL18440,2
ORTHOMCL18441,0
ORTHOMCL18447,3
ORTHOMCL18453,0
ORTHOMCL18466,0
ORTHOMCL18471,-1
ORTHOMCL18473,0
ORTHOMCL18498,2
ORTHOMCL18511,-4
ORTHOMCL18513,1
ORTHOMCL18522,-4
ORTHOMCL18528,-4
ORTHOMCL18533,5
ORTHOMCL1855,-1
ORTHOMCL18569,1
ORTHOMCL18570,0
ORTHOMCL18576,3
ORTHOMCL1858,-1
ORTHOMCL18592,-2
ORTHOMCL18601,-2
ORTHOMCL18609,6
ORTHOMCL18611,1
ORTHOMCL18633,0
ORTHOMCL18640,-1
ORTHOMCL18649,-1
ORTHOMCL18650,-2
ORTHOMCL18651,2
ORTHOMCL18658,-1
ORTHOMCL18663,0
ORTHOMCL18684,-2
ORTHOMCL18703,-2
ORTHOMCL18740,-1
ORTHOMCL1883,-1
ORTHOMCL1886,2
ORTHOMCL18861,-1
ORTHOMCL18862,0
ORTHOMCL18948,0
ORTHOMCL18959,0
ORTHOMCL18978,0
ORTHOMCL1899,-1
ORTHOMCL19006,0
ORTHOMCL19016,0
ORTHOMCL1905,-1
ORTHOMCL19279,0
ORTHOMCL19285,0
ORTHOMCL19306,2
ORTHOMCL1932,0
ORTHOMCL19323,3
ORTHOMCL1935,0
ORTHOMCL19350,3
ORTHOMCL19381,1
ORTHOMCL19389,2
ORTHOMCL19711,1
ORTHOMCL1985,0
ORTHOMCL1988,-1
ORTHOMCL19897,4
ORTHOMCL19953,1
ORTHOMCL1998,0
ORTHOMCL20024,7
ORTHOMCL20034,0
ORTHOMCL20089,3
ORTHOMCL20096,1
ORTHOMCL20124,-2
ORTHOMCL20134,-1
ORTHOMCL2014,0
ORTHOMCL20162,6
ORTHOMCL2022,-1
ORTHOMCL20262,0
ORTHOMCL20279,0
ORTHOMCL2028,-1
ORTHOMCL20313,-6
ORTHOMCL20369,-2
ORTHOMCL2041,0
ORTHOMCL20425,-2
ORTHOMCL20448,0
ORTHOMCL20475,-3
ORTHOMCL20491,-1
ORTHOMCL20509,-12
ORTHOMCL20521,1
ORTHOMCL20550,1
ORTHOMCL20552,-2
ORTHOMCL20557,-3
ORTHOMCL20616,-5
ORTHOMCL20620,-1
ORTHOMCL20624,-2
ORTHOMCL20628,0
ORTHOMCL20632,-17
ORTHOMCL20650,3
ORTHOMCL20704,-1
ORTHOMCL2075,-1
ORTHOMCL20772,0
ORTHOMCL20777,-1
ORTHOMCL2082,-1
ORTHOMCL2083,-1
ORTHOMCL2086,0
ORTHOMCL2097,0
ORTHOMCL2101,0
ORTHOMCL2102,-1
ORTHOMCL21023,0
ORTHOMCL21048,0
ORTHOMCL2121,0
ORTHOMCL21264,-1
ORTHOMCL2138,0
ORTHOMCL21421,0
ORTHOMCL2143,0
ORTHOMCL2145,2
ORTHOMCL21458,0
ORTHOMCL21466,-3
ORTHOMCL21472,0
ORTHOMCL21484,0
ORTHOMCL21494,0
ORTHOMCL21499,2
ORTHOMCL2150,-1
ORTHOMCL21504,-2
ORTHOMCL2151,-2
ORTHOMCL21514,-2
ORTHOMCL2152,0
ORTHOMCL21538,-1
ORTHOMCL21556,-4
ORTHOMCL21561,-4
ORTHOMCL21565,0
ORTHOMCL21570,-2
ORTHOMCL21571,0
ORTHOMCL21615,0
ORTHOMCL21637,-1
ORTHOMCL2165,-2
ORTHOMCL21657,5
ORTHOMCL21691,1
ORTHOMCL2170,3
ORTHOMCL21711,0
ORTHOMCL21724,-1
ORTHOMCL21772,-3
ORTHOMCL21789,-2
ORTHOMCL2193,0
ORTHOMCL21946,0
ORTHOMCL2197,-2
ORTHOMCL2205,0
ORTHOMCL22078,-1
ORTHOMCL2210,0
ORTHOMCL22137,0
ORTHOMCL22142,0
ORTHOMCL2217,3
ORTHOMCL2223,0
ORTHOMCL22246,0
ORTHOMCL22265,0
ORTHOMCL22271,0
ORTHOMCL22310,0
ORTHOMCL2255,2
ORTHOMCL22568,-2
ORTHOMCL2264,0
ORTHOMCL22754,0
ORTHOMCL2299,-2
ORTHOMCL2310,0
ORTHOMCL2314,0
ORTHOMCL2330,-2
ORTHOMCL2373,0
ORTHOMCL2379,-1
ORTHOMCL2404,0
ORTHOMCL2409,0
ORTHOMCL2420,1
ORTHOMCL2429,0
ORTHOMCL2432,0
ORTHOMCL2445,3
ORTHOMCL2452,0
ORTHOMCL2455,-1
ORTHOMCL2464,1
ORTHOMCL2481,-1
ORTHOMCL2508,1
ORTHOMCL2511,0
ORTHOMCL2518,2
ORTHOMCL2525,1
ORTHOMCL2526,-1
ORTHOMCL2540,0
ORTHOMCL2553,-3
ORTHOMCL2574,0
ORTHOMCL2577,-1
ORTHOMCL2580,3
ORTHOMCL2582,0
ORTHOMCL2589,0
ORTHOMCL2596,0
ORTHOMCL2598,0
ORTHOMCL2604,2
ORTHOMCL2607,1
ORTHOMCL2617,0
ORTHOMCL2625,0
ORTHOMCL2629,1
ORTHOMCL2642,1
ORTHOMCL2676,0
ORTHOMCL2683,0
ORTHOMCL2684,-2
ORTHOMCL2700,0
ORTHOMCL2707,0
ORTHOMCL2709,-1
ORTHOMCL2710,1
ORTHOMCL2717,0
ORTHOMCL2730,1
ORTHOMCL2736,0
ORTHOMCL2750,0
ORTHOMCL2758,3
ORTHOMCL2775,1
ORTHOMCL2778,1
ORTHOMCL2782,0
ORTHOMCL2787,0
ORTHOMCL2788,-1
ORTHOMCL2798,1
ORTHOMCL2808,-5
ORTHOMCL2827,-4
ORTHOMCL2831,0
ORTHOMCL2878,2
ORTHOMCL2888,0
ORTHOMCL2907,1
ORTHOMCL2909,1
ORTHOMCL2910,0
ORTHOMCL2926,0
ORTHOMCL2936,0
ORTHOMCL2940,0
ORTHOMCL2952,0
ORTHOMCL2954,-1
ORTHOMCL2957,-1
ORTHOMCL2985,1
ORTHOMCL2986,-1
ORTHOMCL3010,2
ORTHOMCL3011,-1
ORTHOMCL3013,1
ORTHOMCL3016,0
ORTHOMCL3018,0
ORTHOMCL3025,-1
ORTHOMCL3041,2
ORTHOMCL3043,-1
ORTHOMCL3063,2
ORTHOMCL3075,0
ORTHOMCL3083,0
ORTHOMCL3094,-1
ORTHOMCL3095,-1
ORTHOMCL3100,0
ORTHOMCL3105,0
ORTHOMCL3111,3
ORTHOMCL3122,3
ORTHOMCL3123,2
ORTHOMCL3133,0
ORTHOMCL3138,0
ORTHOMCL3143,-1
ORTHOMCL3174,1
ORTHOMCL3175,-1
ORTHOMCL3176,0
ORTHOMCL3190,-3
ORTHOMCL3202,3
ORTHOMCL3215,0
ORTHOMCL3222,3
ORTHOMCL3233,1
ORTHOMCL3234,3
ORTHOMCL3238,1
ORTHOMCL3263,1
ORTHOMCL3266,0
ORTHOMCL3269,3
ORTHOMCL3271,0
ORTHOMCL3275,3
ORTHOMCL3291,1
ORTHOMCL3293,1
ORTHOMCL3298,1
ORTHOMCL3303,2
ORTHOMCL3315,-1
ORTHOMCL3331,0
ORTHOMCL3333,0
ORTHOMCL3336,3
ORTHOMCL3343,0
ORTHOMCL3361,0
ORTHOMCL3403,0
ORTHOMCL3418,-2
ORTHOMCL3449,1
ORTHOMCL3461,0
ORTHOMCL3468,1
ORTHOMCL3469,-1
ORTHOMCL3474,-1
ORTHOMCL3489,0
ORTHOMCL3500,-1
ORTHOMCL3502,2
ORTHOMCL3509,0
ORTHOMCL3514,2
ORTHOMCL3515,1
ORTHOMCL3524,0
ORTHOMCL3556,3
ORTHOMCL3557,1
ORTHOMCL3573,-1
ORTHOMCL3574,-1
ORTHOMCL3580,0
ORTHOMCL3586,0
ORTHOMCL3600,2
ORTHOMCL3605,2
ORTHOMCL3613,-1
ORTHOMCL3619,1
ORTHOMCL3621,0
ORTHOMCL3628,-1
ORTHOMCL3630,0
ORTHOMCL3638,-1
ORTHOMCL3651,0
ORTHOMCL3655,1
ORTHOMCL3657,-1
ORTHOMCL3659,0
ORTHOMCL3662,1
ORTHOMCL3669,0
ORTHOMCL3688,1
ORTHOMCL3695,0
ORTHOMCL3705,0
ORTHOMCL3708,-1
ORTHOMCL3730,0
ORTHOMCL3740,-1
ORTHOMCL3742,1
ORTHOMCL3745,0
ORTHOMCL3753,0
ORTHOMCL3762,1
ORTHOMCL3770,0
ORTHOMCL3776,0
ORTHOMCL3803,-1
ORTHOMCL3807,0
ORTHOMCL3811,0
ORTHOMCL3814,0
ORTHOMCL3816,0
ORTHOMCL3817,-2
ORTHOMCL3820,1
ORTHOMCL3830,0
ORTHOMCL3836,5
ORTHOMCL3856,0
ORTHOMCL3860,0
ORTHOMCL3870,0
ORTHOMCL3872,-3
ORTHOMCL3897,-1
ORTHOMCL3934,-1
ORTHOMCL3988,0
ORTHOMCL3995,0
ORTHOMCL3997,0
ORTHOMCL4009,0
ORTHOMCL4011,2
ORTHOMCL4014,3
ORTHOMCL4015,0
ORTHOMCL4019,3
ORTHOMCL4033,4
ORTHOMCL4043,0
ORTHOMCL4044,4
ORTHOMCL4046,0
ORTHOMCL4061,0
ORTHOMCL4066,0
ORTHOMCL4075,1
ORTHOMCL4076,0
ORTHOMCL4077,1
ORTHOMCL4078,0
ORTHOMCL4090,4
ORTHOMCL4112,1
ORTHOMCL4114,0
ORTHOMCL4116,0
ORTHOMCL4117,0
ORTHOMCL4120,0
ORTHOMCL4125,-8
ORTHOMCL4126,0
ORTHOMCL4129,-1
ORTHOMCL4130,2
ORTHOMCL4134,1
ORTHOMCL4136,-1
ORTHOMCL4140,0
ORTHOMCL4141,0
ORTHOMCL4142,0
ORTHOMCL4156,1
ORTHOMCL4166,0
ORTHOMCL4168,0
ORTHOMCL4169,0
ORTHOMCL4179,0
ORTHOMCL4193,0
ORTHOMCL4201,1
ORTHOMCL4206,-1
ORTHOMCL4213,1
ORTHOMCL4215,-2
ORTHOMCL4216,0
ORTHOMCL4221,0
ORTHOMCL4222,0
ORTHOMCL4224,0
ORTHOMCL4237,0
ORTHOMCL4240,1
ORTHOMCL4243,-4
ORTHOMCL4246,-3
ORTHOMCL4247,0
ORTHOMCL4256,0
ORTHOMCL4257,0
ORTHOMCL4309,-2
ORTHOMCL4310,2
ORTHOMCL4317,0
ORTHOMCL4318,0
ORTHOMCL4329,0
ORTHOMCL4330,0
ORTHOMCL4334,0
ORTHOMCL4349,-5
ORTHOMCL4359,1
ORTHOMCL4366,0
ORTHOMCL4377,0
ORTHOMCL4383,-1
ORTHOMCL4393,0
ORTHOMCL4394,8
ORTHOMCL4405,0
ORTHOMCL4407,4
ORTHOMCL4408,-2
ORTHOMCL4418,1
ORTHOMCL4430,0
ORTHOMCL4438,0
ORTHOMCL4441,1
ORTHOMCL4442,2
ORTHOMCL4455,1
ORTHOMCL4465,4
ORTHOMCL4469,2
ORTHOMCL4474,0
ORTHOMCL4492,0
ORTHOMCL4512,0
ORTHOMCL4520,0
ORTHOMCL4532,0
ORTHOMCL4536,1
ORTHOMCL4546,-1
ORTHOMCL4570,2
ORTHOMCL4643,0
ORTHOMCL4644,1
ORTHOMCL4660,0
ORTHOMCL4662,1
ORTHOMCL4664,0
ORTHOMCL4665,2
ORTHOMCL4674,-2
ORTHOMCL4693,0
ORTHOMCL4696,0
ORTHOMCL4710,2
ORTHOMCL4711,-2
ORTHOMCL4712,1
ORTHOMCL4714,1
ORTHOMCL4731,0
ORTHOMCL4732,3
ORTHOMCL4739,0
ORTHOMCL4747,0
ORTHOMCL4756,-1
ORTHOMCL4775,-1
ORTHOMCL4781,0
ORTHOMCL4782,0
ORTHOMCL4785,-1
ORTHOMCL4789,0
ORTHOMCL4796,-1
ORTHOMCL4797,0
ORTHOMCL4799,-2
ORTHOMCL4800,0
ORTHOMCL4811,0
ORTHOMCL4814,3
ORTHOMCL4819,-1
ORTHOMCL4824,2
ORTHOMCL4826,-2
ORTHOMCL4830,-1
ORTHOMCL4834,-1
ORTHOMCL4835,1
ORTHOMCL4843,0
ORTHOMCL4848,-1
ORTHOMCL4850,0
ORTHOMCL4865,1
ORTHOMCL4869,2
ORTHOMCL4870,-3
ORTHOMCL4878,1
ORTHOMCL4883,0
ORTHOMCL4888,0
ORTHOMCL4889,0
ORTHOMCL4893,-2
ORTHOMCL4898,-6
ORTHOMCL4903,5
ORTHOMCL4907,2
ORTHOMCL4914,1
ORTHOMCL4935,-7
ORTHOMCL4943,-2
ORTHOMCL4945,-1
ORTHOMCL4946,0
ORTHOMCL4973,0
ORTHOMCL4978,-1
ORTHOMCL4980,2
ORTHOMCL4991,1
ORTHOMCL4996,4
ORTHOMCL5003,3
ORTHOMCL5006,1
ORTHOMCL5016,0
ORTHOMCL5017,0
ORTHOMCL5018,2
ORTHOMCL5027,-1
ORTHOMCL5033,4
ORTHOMCL5036,1
ORTHOMCL5046,-1
ORTHOMCL5048,0
ORTHOMCL5065,0
ORTHOMCL5069,-1
ORTHOMCL5075,3
ORTHOMCL5077,0
ORTHOMCL5089,2
ORTHOMCL5116,-4
ORTHOMCL5122,1
ORTHOMCL5123,1
ORTHOMCL5131,-1
ORTHOMCL5133,0
ORTHOMCL5139,1
ORTHOMCL5147,0
ORTHOMCL5160,0
ORTHOMCL5170,2
ORTHOMCL5173,-1
ORTHOMCL5179,2
ORTHOMCL5184,0
ORTHOMCL5188,1
ORTHOMCL5198,-1
ORTHOMCL5209,0
ORTHOMCL5213,0
ORTHOMCL5218,3
ORTHOMCL5226,-1
ORTHOMCL5230,0
ORTHOMCL5240,-1
ORTHOMCL5259,1
ORTHOMCL5280,-2
ORTHOMCL5321,0
ORTHOMCL5324,-1
ORTHOMCL5327,0
ORTHOMCL5328,0
ORTHOMCL5344,1
ORTHOMCL5345,4
ORTHOMCL5352,0
ORTHOMCL5358,-1
ORTHOMCL5362,0
ORTHOMCL5370,-1
ORTHOMCL5371,6
ORTHOMCL5384,0
ORTHOMCL5385,0
ORTHOMCL5391,-1
ORTHOMCL5394,0
ORTHOMCL5396,0
ORTHOMCL5397,0
ORTHOMCL5400,0
ORTHOMCL5401,-2
ORTHOMCL5402,1
ORTHOMCL5403,0
ORTHOMCL5415,2
ORTHOMCL5428,-7
ORTHOMCL5434,0
ORTHOMCL5435,0
ORTHOMCL5436,0
ORTHOMCL5441,-1
ORTHOMCL5446,0
ORTHOMCL5449,-2
ORTHOMCL5452,0
ORTHOMCL5465,5
ORTHOMCL5467,-2
ORTHOMCL5468,0
ORTHOMCL5469,-1
ORTHOMCL5470,-1
ORTHOMCL5476,0
ORTHOMCL5479,1
ORTHOMCL5482,-1
ORTHOMCL5488,0
ORTHOMCL5493,-1
ORTHOMCL5495,2
ORTHOMCL5502,0
ORTHOMCL5507,1
ORTHOMCL5516,0
ORTHOMCL5518,7
ORTHOMCL5528,1
ORTHOMCL5531,-1
ORTHOMCL5537,0
ORTHOMCL5538,9
ORTHOMCL5544,1
ORTHOMCL5548,2
ORTHOMCL5551,0
ORTHOMCL5554,0
ORTHOMCL5562,0
ORTHOMCL5575,0
ORTHOMCL5577,1
ORTHOMCL5579,4
ORTHOMCL5586,-3
ORTHOMCL5589,-1
ORTHOMCL5597,1
ORTHOMCL5598,-1
ORTHOMCL5599,1
ORTHOMCL5607,2
ORTHOMCL5608,-1
ORTHOMCL5615,0
ORTHOMCL5617,-2
ORTHOMCL5621,2
ORTHOMCL5623,0
ORTHOMCL5626,1
ORTHOMCL5635,-1
ORTHOMCL5636,1
ORTHOMCL5637,2
ORTHOMCL5640,1
ORTHOMCL5643,0
ORTHOMCL5648,0
ORTHOMCL5661,5
ORTHOMCL5663,0
ORTHOMCL5666,1
ORTHOMCL5673,1
ORTHOMCL5676,1
ORTHOMCL5677,-1
ORTHOMCL5680,1
ORTHOMCL5682,2
ORTHOMCL5689,0
ORTHOMCL5690,3
ORTHOMCL5692,0
ORTHOMCL5698,0
ORTHOMCL5699,-3
ORTHOMCL5709,3
ORTHOMCL5710,3
ORTHOMCL5721,0
ORTHOMCL5722,0
ORTHOMCL5723,-1
ORTHOMCL5725,-9
ORTHOMCL5732,9
ORTHOMCL5744,-3
ORTHOMCL5755,0
ORTHOMCL5775,0
ORTHOMCL5776,0
ORTHOMCL5777,2
ORTHOMCL5781,0
ORTHOMCL5787,0
ORTHOMCL5791,-1
ORTHOMCL5794,0
ORTHOMCL5800,-1
ORTHOMCL5804,-3
ORTHOMCL5809,-1
ORTHOMCL5826,-1
ORTHOMCL5833,1
ORTHOMCL5837,-3
ORTHOMCL5838,4
ORTHOMCL5841,1
ORTHOMCL5844,1
ORTHOMCL5850,5
ORTHOMCL5864,0
ORTHOMCL5865,-4
ORTHOMCL5867,1
ORTHOMCL5868,0
ORTHOMCL5869,2
ORTHOMCL5871,2
ORTHOMCL5873,4
ORTHOMCL5875,-1
ORTHOMCL5884,-3
ORTHOMCL5886,-2
ORTHOMCL5889,-1
ORTHOMCL5890,1
ORTHOMCL5892,1
ORTHOMCL5895,0
ORTHOMCL5896,0
ORTHOMCL5899,2
ORTHOMCL5904,-2
ORTHOMCL5906,-2
ORTHOMCL5916,0
ORTHOMCL5917,0
ORTHOMCL5925,0
ORTHOMCL5926,0
ORTHOMCL5932,2
ORTHOMCL5936,0
ORTHOMCL5940,-3
ORTHOMCL5941,1
ORTHOMCL5942,2
ORTHOMCL5943,1
ORTHOMCL5950,0
ORTHOMCL5955,-6
ORTHOMCL5957,-1
ORTHOMCL5960,-1
ORTHOMCL5974,-1
ORTHOMCL5975,0
ORTHOMCL5978,-1
ORTHOMCL5981,1
ORTHOMCL6002,0
ORTHOMCL6006,3
ORTHOMCL6022,1
ORTHOMCL6048,0
ORTHOMCL6090,1
ORTHOMCL6136,-1
ORTHOMCL6140,6
ORTHOMCL6143,0
ORTHOMCL6144,1
ORTHOMCL6153,3
ORTHOMCL6154,0
ORTHOMCL6156,0
ORTHOMCL6161,-1
ORTHOMCL6171,-1
ORTHOMCL6173,1
ORTHOMCL6182,-1
ORTHOMCL6190,-1
ORTHOMCL6192,0
ORTHOMCL6200,1
ORTHOMCL6207,0
ORTHOMCL6208,-1
ORTHOMCL6212,1
ORTHOMCL6222,-1
ORTHOMCL6237,0
ORTHOMCL6238,0
ORTHOMCL6239,3
ORTHOMCL6241,-3
ORTHOMCL6243,2
ORTHOMCL6246,3
ORTHOMCL6251,-3
ORTHOMCL6255,-1
ORTHOMCL6257,0
ORTHOMCL6265,0
ORTHOMCL6268,3
ORTHOMCL6274,0
ORTHOMCL6277,4
ORTHOMCL6280,-1
ORTHOMCL6283,4
ORTHOMCL6289,0
ORTHOMCL6291,-1
ORTHOMCL6296,1
ORTHOMCL6300,1
ORTHOMCL6303,2
ORTHOMCL6306,-2
ORTHOMCL6307,1
ORTHOMCL6308,0
ORTHOMCL6311,2
ORTHOMCL6317,2
ORTHOMCL6333,-1
ORTHOMCL6341,3
ORTHOMCL6344,-2
ORTHOMCL6345,-5
ORTHOMCL6348,0
ORTHOMCL6350,-1
ORTHOMCL6357,0
ORTHOMCL6360,-2
ORTHOMCL6365,0
ORTHOMCL6368,-1
ORTHOMCL6373,1
ORTHOMCL6375,4
ORTHOMCL6378,1
ORTHOMCL6380,1
ORTHOMCL6387,0
ORTHOMCL6389,1
ORTHOMCL6394,-3
ORTHOMCL6395,4
ORTHOMCL6400,6
ORTHOMCL6401,-2
ORTHOMCL6407,1
ORTHOMCL6415,0
ORTHOMCL6417,0
ORTHOMCL6429,0
ORTHOMCL6430,-1
ORTHOMCL6431,-1
ORTHOMCL6437,2
ORTHOMCL6440,1
ORTHOMCL6441,-1
ORTHOMCL6442,1
ORTHOMCL6448,0
ORTHOMCL6452,-3
ORTHOMCL6456,1
ORTHOMCL6459,-1
ORTHOMCL6460,0
ORTHOMCL6463,-1
ORTHOMCL6475,1
ORTHOMCL6479,1
ORTHOMCL6481,2
ORTHOMCL6483,1
ORTHOMCL6488,0
ORTHOMCL6491,-1
ORTHOMCL6493,1
ORTHOMCL6494,0
ORTHOMCL6502,1
ORTHOMCL6509,2
ORTHOMCL6511,1
ORTHOMCL6526,-1
ORTHOMCL6527,0
ORTHOMCL6536,0
ORTHOMCL6538,10
ORTHOMCL6540,5
ORTHOMCL6554,-2
ORTHOMCL6557,-3
ORTHOMCL6558,1
ORTHOMCL6564,1
ORTHOMCL6568,2
ORTHOMCL6570,1
ORTHOMCL6573,2
ORTHOMCL6578,0
ORTHOMCL6586,-1
ORTHOMCL6593,-1
ORTHOMCL6600,-1
ORTHOMCL6604,2
ORTHOMCL6611,-2
ORTHOMCL6627,5
ORTHOMCL6646,-1
ORTHOMCL6653,3
ORTHOMCL6664,0
ORTHOMCL6665,0
ORTHOMCL6671,2
ORTHOMCL6673,-3
ORTHOMCL6674,1
ORTHOMCL6683,3
ORTHOMCL6693,-2
ORTHOMCL6694,-1
ORTHOMCL6698,0
ORTHOMCL6699,-1
ORTHOMCL6717,-3
ORTHOMCL6721,1
ORTHOMCL6725,1
ORTHOMCL6734,0
ORTHOMCL6741,0
ORTHOMCL6742,-1
ORTHOMCL6747,6
ORTHOMCL675,1
ORTHOMCL6750,1
ORTHOMCL6751,-1
ORTHOMCL6752,0
ORTHOMCL6753,1
ORTHOMCL6770,0
ORTHOMCL6773,1
ORTHOMCL6774,0
ORTHOMCL6787,0
ORTHOMCL6793,-1
ORTHOMCL6801,-4
ORTHOMCL6802,1
ORTHOMCL6808,0
ORTHOMCL6812,1
ORTHOMCL6813,2
ORTHOMCL6826,8
ORTHOMCL6827,-1
ORTHOMCL6834,1
ORTHOMCL6835,1
ORTHOMCL6837,-1
ORTHOMCL6838,2
ORTHOMCL6842,-2
ORTHOMCL6849,0
ORTHOMCL6863,1
ORTHOMCL6865,3
ORTHOMCL6870,0
ORTHOMCL6891,0
ORTHOMCL6919,2
ORTHOMCL6920,0
ORTHOMCL6931,0
ORTHOMCL6933,2
ORTHOMCL6947,-1
ORTHOMCL6950,1
ORTHOMCL6969,2
ORTHOMCL6973,-1
ORTHOMCL6986,0
ORTHOMCL6991,0
ORTHOMCL7011,1
ORTHOMCL7038,0
ORTHOMCL7070,0
ORTHOMCL7072,3
ORTHOMCL7082,5
ORTHOMCL7089,3
ORTHOMCL7095,-1
ORTHOMCL7102,-4
ORTHOMCL7108,1
ORTHOMCL7110,0
ORTHOMCL7119,2
ORTHOMCL7124,0
ORTHOMCL7126,2
ORTHOMCL7128,0
ORTHOMCL7131,0
ORTHOMCL7133,3
ORTHOMCL7141,0
ORTHOMCL7146,0
ORTHOMCL7150,0
ORTHOMCL7152,0
ORTHOMCL7156,-2
ORTHOMCL7158,0
ORTHOMCL7165,-2
ORTHOMCL7169,0
ORTHOMCL7174,0
ORTHOMCL7175,5
ORTHOMCL7183,0
ORTHOMCL7186,0
ORTHOMCL7189,0
ORTHOMCL7190,0
ORTHOMCL7191,-3
ORTHOMCL7192,1
ORTHOMCL7194,0
ORTHOMCL7199,1
ORTHOMCL7204,-1
ORTHOMCL7209,1
ORTHOMCL7210,0
ORTHOMCL7212,0
ORTHOMCL7223,2
ORTHOMCL7229,0
ORTHOMCL7237,-1
ORTHOMCL7242,4
ORTHOMCL7247,-5
ORTHOMCL7249,3
ORTHOMCL7251,0
ORTHOMCL7254,-8
ORTHOMCL7258,0
ORTHOMCL7260,-1
ORTHOMCL7262,2
ORTHOMCL7263,0
ORTHOMCL7264,2
ORTHOMCL7268,1
ORTHOMCL7270,1
ORTHOMCL7273,3
ORTHOMCL7281,1
ORTHOMCL7287,3
ORTHOMCL7293,1
ORTHOMCL7294,-3
ORTHOMCL7309,2
ORTHOMCL7310,1
ORTHOMCL7311,1
ORTHOMCL7313,-2
ORTHOMCL7321,4
ORTHOMCL7322,1
ORTHOMCL7323,-1
ORTHOMCL7326,0
ORTHOMCL7333,5
ORTHOMCL7339,1
ORTHOMCL7344,0
ORTHOMCL7349,1
ORTHOMCL7354,-2
ORTHOMCL7355,0
ORTHOMCL7363,-2
ORTHOMCL7367,0
ORTHOMCL7369,0
ORTHOMCL7380,0
ORTHOMCL7388,1
ORTHOMCL7392,-3
ORTHOMCL7393,0
ORTHOMCL7404,-5
ORTHOMCL7417,-1
ORTHOMCL7418,1
ORTHOMCL7424,-3
ORTHOMCL7428,1
ORTHOMCL7433,3
ORTHOMCL7434,0
ORTHOMCL7441,-3
ORTHOMCL7446,3
ORTHOMCL7449,0
ORTHOMCL7451,1
ORTHOMCL7456,-1
ORTHOMCL7466,0
ORTHOMCL7469,0
ORTHOMCL7476,-1
ORTHOMCL7486,-1
ORTHOMCL7491,0
ORTHOMCL7492,0
ORTHOMCL7493,1
ORTHOMCL7494,-1
ORTHOMCL7496,1
ORTHOMCL7500,3
ORTHOMCL7502,2
ORTHOMCL7507,4
ORTHOMCL7515,1
ORTHOMCL7521,5
ORTHOMCL7522,1
ORTHOMCL7524,-3
ORTHOMCL7526,0
ORTHOMCL7528,0
ORTHOMCL7530,1
ORTHOMCL7540,-1
ORTHOMCL7549,1
ORTHOMCL7554,-2
ORTHOMCL7556,-4
ORTHOMCL7569,7
ORTHOMCL7570,-1
ORTHOMCL7572,4
ORTHOMCL7573,2
ORTHOMCL7579,2
ORTHOMCL7585,0
ORTHOMCL7592,0
ORTHOMCL7593,0
ORTHOMCL7594,0
ORTHOMCL7596,0
ORTHOMCL7609,-5
ORTHOMCL7614,0
ORTHOMCL7628,6
ORTHOMCL7629,0
ORTHOMCL7631,1
ORTHOMCL7638,1
ORTHOMCL7639,0
ORTHOMCL7640,3
ORTHOMCL7641,-1
ORTHOMCL7642,1
ORTHOMCL7645,-5
ORTHOMCL7648,1
ORTHOMCL7650,-1
ORTHOMCL7651,3
ORTHOMCL7661,1
ORTHOMCL7669,-1
ORTHOMCL7679,0
ORTHOMCL7684,0
ORTHOMCL7688,0
ORTHOMCL7691,0
ORTHOMCL7693,2
ORTHOMCL7697,1
ORTHOMCL7699,0
ORTHOMCL7704,1
ORTHOMCL7706,-1
ORTHOMCL7718,-3
ORTHOMCL7721,-1
ORTHOMCL7723,0
ORTHOMCL7728,5
ORTHOMCL7730,3
ORTHOMCL7732,2
ORTHOMCL7736,0
ORTHOMCL7751,-4
ORTHOMCL7753,-2
ORTHOMCL7759,2
ORTHOMCL7761,6
ORTHOMCL7768,-1
ORTHOMCL7773,0
ORTHOMCL7776,-1
ORTHOMCL7800,1
ORTHOMCL7828,1
ORTHOMCL7834,0
ORTHOMCL7854,0
ORTHOMCL7855,1
ORTHOMCL7881,0
ORTHOMCL7900,0
ORTHOMCL7912,2
ORTHOMCL7919,1
ORTHOMCL7938,0
ORTHOMCL7944,3
ORTHOMCL7950,2
ORTHOMCL8007,0
ORTHOMCL8015,1
ORTHOMCL8019,-2
ORTHOMCL8024,-1
ORTHOMCL8029,0
ORTHOMCL8055,0
ORTHOMCL8060,4
ORTHOMCL8061,-5
ORTHOMCL8062,5
ORTHOMCL8070,1
ORTHOMCL8080,0
ORTHOMCL8081,0
ORTHOMCL8085,1
ORTHOMCL8086,-1
ORTHOMCL8088,2
ORTHOMCL8099,0
ORTHOMCL8101,1
ORTHOMCL8102,0
ORTHOMCL8107,1
ORTHOMCL8112,0
ORTHOMCL8117,1
ORTHOMCL8118,1
ORTHOMCL8123,1
ORTHOMCL8124,0
ORTHOMCL8130,-1
ORTHOMCL8131,-1
ORTHOMCL8135,1
ORTHOMCL8142,0
ORTHOMCL8150,0
ORTHOMCL8152,1
ORTHOMCL8157,11
ORTHOMCL8161,0
ORTHOMCL8168,-1
ORTHOMCL8170,7
ORTHOMCL8172,1
ORTHOMCL8177,-1
ORTHOMCL8191,4
ORTHOMCL8201,-1
ORTHOMCL8207,1
ORTHOMCL8210,3
ORTHOMCL8213,0
ORTHOMCL8218,-2
ORTHOMCL8220,0
ORTHOMCL8221,4
ORTHOMCL8224,0
ORTHOMCL8226,0
ORTHOMCL8227,1
ORTHOMCL8228,-6
ORTHOMCL8230,-3
ORTHOMCL8237,4
ORTHOMCL8242,-1
ORTHOMCL8245,2
ORTHOMCL8256,1
ORTHOMCL8260,1
ORTHOMCL8264,7
ORTHOMCL8266,-2
ORTHOMCL8267,0
ORTHOMCL8271,-1
ORTHOMCL8273,1
ORTHOMCL8274,2
ORTHOMCL8280,0
ORTHOMCL8288,2
ORTHOMCL8313,0
ORTHOMCL8316,-2
ORTHOMCL8320,1
ORTHOMCL8324,0
ORTHOMCL8325,-1
ORTHOMCL8329,-3
ORTHOMCL8330,1
ORTHOMCL8331,0
ORTHOMCL8335,-1
ORTHOMCL8337,0
ORTHOMCL8345,5
ORTHOMCL8347,-7
ORTHOMCL8354,0
ORTHOMCL8365,-5
ORTHOMCL8366,-1
ORTHOMCL8370,2
ORTHOMCL8375,1
ORTHOMCL8378,-1
ORTHOMCL8383,0
ORTHOMCL8391,-2
ORTHOMCL8395,0
ORTHOMCL8405,0
ORTHOMCL8406,2
ORTHOMCL8407,0
ORTHOMCL8408,2
ORTHOMCL8410,0
ORTHOMCL8411,0
ORTHOMCL8414,0
ORTHOMCL8425,0
ORTHOMCL8431,13
ORTHOMCL8433,0
ORTHOMCL8438,0
ORTHOMCL8440,1
ORTHOMCL8444,-1
ORTHOMCL8455,2
ORTHOMCL8457,-1
ORTHOMCL8459,-2
ORTHOMCL8463,-1
ORTHOMCL8466,-4
ORTHOMCL8471,0
ORTHOMCL8473,-4
ORTHOMCL8486,-2
ORTHOMCL8489,1
ORTHOMCL8492,0
ORTHOMCL8494,-1
ORTHOMCL8503,3
ORTHOMCL8507,0
ORTHOMCL8509,1
ORTHOMCL8513,0
ORTHOMCL8517,0
ORTHOMCL8522,2
ORTHOMCL8535,-9
ORTHOMCL8546,-1
ORTHOMCL8549,0
ORTHOMCL8551,-4
ORTHOMCL8553,1
ORTHOMCL8569,4
ORTHOMCL8571,1
ORTHOMCL8572,3
ORTHOMCL8590,1
ORTHOMCL8592,2
ORTHOMCL8609,2
ORTHOMCL8615,-1
ORTHOMCL8623,0
ORTHOMCL8624,0
ORTHOMCL8629,1
ORTHOMCL8631,0
ORTHOMCL8632,-3
ORTHOMCL8633,1
ORTHOMCL8634,-1
ORTHOMCL8636,3
ORTHOMCL8643,0
ORTHOMCL8654,-1
ORTHOMCL8658,10
ORTHOMCL8662,2
ORTHOMCL8665,1
ORTHOMCL8667,0
ORTHOMCL8669,-1
ORTHOMCL8670,-3
ORTHOMCL8674,-9
ORTHOMCL8675,-2
ORTHOMCL8677,1
ORTHOMCL8678,2
ORTHOMCL8679,1
ORTHOMCL869,1
ORTHOMCL8692,0
ORTHOMCL8697,8
ORTHOMCL8701,-1
ORTHOMCL8702,0
ORTHOMCL8705,1
ORTHOMCL8714,0
ORTHOMCL8721,2
ORTHOMCL8726,0
ORTHOMCL8727,0
ORTHOMCL8728,6
ORTHOMCL8729,-1
ORTHOMCL8731,-1
ORTHOMCL8742,3
ORTHOMCL8746,4
ORTHOMCL8747,5
ORTHOMCL877,0
ORTHOMCL8783,-1
ORTHOMCL8794,0
ORTHOMCL8795,1
ORTHOMCL8813,-5
ORTHOMCL8824,1
ORTHOMCL884,1
ORTHOMCL8853,0
ORTHOMCL8882,1
ORTHOMCL8889,-1
ORTHOMCL8890,2
ORTHOMCL8909,0
ORTHOMCL8944,0
ORTHOMCL8946,-3
ORTHOMCL8962,1
ORTHOMCL8988,0
ORTHOMCL9028,0
ORTHOMCL9029,-1
ORTHOMCL9032,0
ORTHOMCL9045,0
ORTHOMCL9046,0
ORTHOMCL9048,-1
ORTHOMCL9052,4
ORTHOMCL9059,0
ORTHOMCL9069,1
ORTHOMCL9070,-3
ORTHOMCL9071,0
ORTHOMCL9072,1
ORTHOMCL9078,-4
ORTHOMCL9089,0
ORTHOMCL9094,0
ORTHOMCL9095,-1
ORTHOMCL9098,0
ORTHOMCL9100,-1
ORTHOMCL9112,-1
ORTHOMCL9125,3
ORTHOMCL9126,0
ORTHOMCL9157,0
ORTHOMCL9167,-1
ORTHOMCL9172,0
ORTHOMCL9180,7
ORTHOMCL9186,0
ORTHOMCL9189,0
ORTHOMCL9200,0
ORTHOMCL9204,0
ORTHOMCL9206,-4
ORTHOMCL9209,1
ORTHOMCL9214,0
ORTHOMCL9215,-1
ORTHOMCL9216,0
ORTHOMCL9219,1
ORTHOMCL9222,-2
ORTHOMCL9223,18
ORTHOMCL9226,-1
ORTHOMCL9235,3
ORTHOMCL9241,3
ORTHOMCL9244,0
ORTHOMCL9252,-1
ORTHOMCL9253,0
ORTHOMCL9256,0
ORTHOMCL9258,6
ORTHOMCL9268,0
ORTHOMCL9274,-1
ORTHOMCL9279,0
ORTHOMCL9286,7
ORTHOMCL9288,-4
ORTHOMCL9294,8
ORTHOMCL9307,0
ORTHOMCL9313,0
ORTHOMCL9321,-3
ORTHOMCL9323,1
ORTHOMCL9335,-2
ORTHOMCL9352,1
ORTHOMCL9353,0
ORTHOMCL9358,-3
ORTHOMCL9363,3
ORTHOMCL9364,0
ORTHOMCL9366,3
ORTHOMCL9373,-2
ORTHOMCL9378,-3
ORTHOMCL9382,2
ORTHOMCL9396,0
ORTHOMCL9397,-4
ORTHOMCL9404,4
ORTHOMCL9415,0
ORTHOMCL9419,8
ORTHOMCL9422,-2
ORTHOMCL9426,1
ORTHOMCL9437,-1
ORTHOMCL9445,6
ORTHOMCL9449,-1
ORTHOMCL9454,1
ORTHOMCL9460,0
ORTHOMCL9465,0
ORTHOMCL9473,2
ORTHOMCL9482,0
ORTHOMCL9486,0
ORTHOMCL9492,-1
ORTHOMCL9506,0
ORTHOMCL9510,-2
ORTHOMCL9514,0
ORTHOMCL9515,0
ORTHOMCL9520,2
ORTHOMCL9522,1
ORTHOMCL9529,-1
ORTHOMCL9530,1
ORTHOMCL9538,-1
ORTHOMCL9545,0
ORTHOMCL9547,3
ORTHOMCL9558,0
ORTHOMCL9560,0
ORTHOMCL9563,-1
ORTHOMCL9564,1
ORTHOMCL9565,2
ORTHOMCL9570,-4
ORTHOMCL9575,0
ORTHOMCL9576,2
ORTHOMCL9580,1
ORTHOMCL9584,5
ORTHOMCL9588,1
ORTHOMCL9590,1
ORTHOMCL9592,6
ORTHOMCL9594,-2
ORTHOMCL9600,1
ORTHOMCL9604,-3
ORTHOMCL9606,-1
ORTHOMCL9613,0
ORTHOMCL9624,-4
ORTHOMCL9627,3
ORTHOMCL9634,1
ORTHOMCL9641,0
ORTHOMCL9643,1
ORTHOMCL9646,1
ORTHOMCL9649,-6
ORTHOMCL9658,1
ORTHOMCL9661,1
ORTHOMCL9666,-1
ORTHOMCL9669,-1
ORTHOMCL9670,0
ORTHOMCL9679,2
ORTHOMCL9682,3
ORTHOMCL9683,0
ORTHOMCL9685,-3
ORTHOMCL9692,-8
ORTHOMCL9700,-2
ORTHOMCL9701,3
ORTHOMCL9709,-2
ORTHOMCL9715,0
ORTHOMCL9728,1
ORTHOMCL9731,1
ORTHOMCL9736,3
ORTHOMCL9737,0
ORTHOMCL9738,-1
ORTHOMCL9744,-2
ORTHOMCL9745,0
ORTHOMCL9746,-3
ORTHOMCL9751,-2
ORTHOMCL9757,2
ORTHOMCL9765,2
ORTHOMCL9776,-1
ORTHOMCL9782,1
ORTHOMCL9787,-1
ORTHOMCL9790,-3
ORTHOMCL9799,-2
ORTHOMCL9800,-2
ORTHOMCL9805,-3
ORTHOMCL9824,-2
ORTHOMCL9832,0
ORTHOMCL9849,3
ORTHOMCL9851,0
ORTHOMCL9906,4
ORTHOMCL991,2
ORTHOMCL9920,0
ORTHOMCL9923,-2
ORTHOMCL9934,1
